
DROP TABLE OBIECT_ARTA CASCADE CONSTRAINTS;
CREATE TABLE OBIECT_ARTA
(
	IDOB NUMBER(5) PRIMARY KEY, 
	TITLU CHAR(10) ,
	DATAO DATE ,
	PRET NUMBER(10) ,
	RATING NUMBER(1) 
);
`
DROP TABLE AUTOR CASCADE CONSTRAINTS;
CREATE TABLE AUTOR
(
	IDAUT NUMBER(5) PRIMARY KEY ,
	NUME CHAR(30) ,
	TARA CHAR(30) ,
	EXPERIENTA NUMBER(3)
);

DROP TABLE POSTARE CASCADE CONSTRAINTS;
CREATE TABLE POSTARE 
(
	IDOB NUMBER(5) REFERENCES OBIECT_ARTA (IDOB) PRIMARY KEY,
	IDAUT NUMBER(5) REFERENCES AUTOR (IDAUT), 
	TIP CHAR(30),
	CURENT CHAR(30)
);

DROP TABLE GRATIS CASCADE CONSTRAINTS;
CREATE TABLE GRATIS 
(
	IDOB NUMBER(5) REFERENCES OBIECT_ARTA (IDOB) PRIMARY KEY
);

DROP TABLE TPRET CASCADE CONSTRAINTS;
CREATE TABLE TPRET 
(
	IDOB NUMBER(5) REFERENCES OBIECT_ARTA (IDOB) PRIMARY KEY
);

DROP TABLE TRATE CASCADE CONSTRAINTS;
CREATE TABLE TRATE 
(
	IDOB NUMBER(5) REFERENCES OBIECT_ARTA (IDOB) PRIMARY KEY
);

INSERT INTO OBIECT_ARTA VALUES 
	(1000,'TITLU1', TO_DATE('01/03/2002', 'dd/mm/yyyy'), 5000, 3);
INSERT INTO OBIECT_ARTA VALUES 
	(1001,'TITLU1', TO_DATE('21/09/1950', 'dd/mm/yyyy'), 2000, 2);
INSERT INTO OBIECT_ARTA VALUES 
	(1002,'TITLU1', TO_DATE('02/02/1999', 'dd/mm/yyyy'), 9000, 5);
INSERT INTO OBIECT_ARTA VALUES 
	(1003,'TITLU2', TO_DATE('20/10/2005', 'dd/mm/yyyy'), 5000, 3);
INSERT INTO OBIECT_ARTA VALUES 
	(1004,'TITLU2', TO_DATE('03/12/2010', 'dd/mm/yyyy'), 3000, 4);
INSERT INTO OBIECT_ARTA VALUES 
	(1005,'TITLU3', TO_DATE('19/08/2002', 'dd/mm/yyyy'), 1000, 1);
INSERT INTO OBIECT_ARTA VALUES 
	(1006,'TITLU4', TO_DATE('10/05/2000', 'dd/mm/yyyy'), 1000, 2);
INSERT INTO OBIECT_ARTA VALUES 
	(1007,'TITLU5', TO_DATE('11/05/2000', 'dd/mm/yyyy'), 6000, 5);
INSERT INTO OBIECT_ARTA VALUES 
	(1008,'TITLU6', TO_DATE('12/05/2000', 'dd/mm/yyyy'), 5000, 5);
INSERT INTO OBIECT_ARTA VALUES 
	(1009,'TITLU7', TO_DATE('13/05/2001', 'dd/mm/yyyy'), 1000, 5);
INSERT INTO OBIECT_ARTA VALUES 
	(1010,'TITLU8', TO_DATE('14/06/2002', 'dd/mm/yyyy'), 3000, 3);
INSERT INTO OBIECT_ARTA VALUES 
	(1011,'TITLU9', TO_DATE('15/06/2002', 'dd/mm/yyyy'), 2500, 3);
INSERT INTO OBIECT_ARTA VALUES 
	(1012,'TITLU10', TO_DATE('16/06/2003', 'dd/mm/yyyy'), 10000, 4);
INSERT INTO OBIECT_ARTA VALUES 
	(1013,'TITLU11', TO_DATE('17/06/2000', 'dd/mm/yyyy'), 5000, 2);
INSERT INTO OBIECT_ARTA VALUES 
	(1014,'TITLU12', TO_DATE('18/08/2009', 'dd/mm/yyyy'), 4500, 4);
INSERT INTO OBIECT_ARTA VALUES 
	(1015,'TITLU13', TO_DATE('19/03/2002', 'dd/mm/yyyy'), 1234, 4);
INSERT INTO OBIECT_ARTA VALUES 
	(1016,'TITLU14', TO_DATE('01/03/1970', 'dd/mm/yyyy'), 0000, 3);
INSERT INTO OBIECT_ARTA VALUES 
	(1017,'TITLU15', TO_DATE('01/05/1960', 'dd/mm/yyyy'), 0000, 4);
INSERT INTO OBIECT_ARTA VALUES 
	(1018,'TITLU16', TO_DATE('01/03/2012', 'dd/mm/yyyy'), 0000, 1);
INSERT INTO OBIECT_ARTA VALUES 
	(1019,'TITLU18', TO_DATE('01/04/2012', 'dd/mm/yyyy'), 0000, 3);


INSERT INTO AUTOR VALUES
	(2000, 'NUME1', 'TARA1', 10);
INSERT INTO AUTOR VALUES 
	(2001, 'NUME2', 'TARA2', 3);
INSERT INTO AUTOR VALUES 
	(2002, 'NUME3', 'TARA3', 4);
INSERT INTO AUTOR VALUES
	(2003, 'NUME4', 'TARA4', 9);
INSERT INTO AUTOR VALUES 
	(2004, 'NUME5', 'TARA5', 20);
INSERT INTO AUTOR VALUES 
	(2005, 'NUME1', 'TARA1', 2);
INSERT INTO AUTOR VALUES 
	(2006, 'NUME6', 'TARA6', 2);
INSERT INTO AUTOR VALUES 
	(2007, 'NUME7', 'TARA7', 8);
INSERT INTO AUTOR VALUES 
	(2008, 'NUME2', 'TARA2', 5);
INSERT INTO AUTOR VALUES 
	(2009, 'NUME3', 'TARA3', 5);


INSERT INTO POSTARE VALUES
	(1000, 2000, 'TIP1', 'CURENT1');
INSERT INTO POSTARE VALUES
	(1001, 2001, 'TIP1', 'CURENT1');
INSERT INTO POSTARE VALUES
	(1002, 2002, 'TIP1', 'CURENT1');
INSERT INTO POSTARE VALUES
	(1003, 2003, 'TIP1', 'CURENT2');
INSERT INTO POSTARE VALUES
	(1004, 2004, 'TIP2', 'CURENT2');
INSERT INTO POSTARE VALUES
	(1005, 2005, 'TIP2', 'CURENT2');
INSERT INTO POSTARE VALUES
	(1006, 2006, 'TIP2', 'CURENT2');
INSERT INTO POSTARE VALUES
	(1007, 2007, 'TIP2', 'CURENT2');
INSERT INTO POSTARE VALUES
	(1008, 2008, 'TIP3', 'CURENT3');
INSERT INTO POSTARE VALUES
	(1009, 2009, 'TIP3', 'CURENT3');
INSERT INTO POSTARE VALUES
	(1010, 2000, 'TIP3', 'CURENT4');
INSERT INTO POSTARE VALUES
	(1011, 2001, 'TIP3', 'CURENT4');
INSERT INTO POSTARE VALUES
	(1012, 2002, 'TIP4', 'CURENT4');
INSERT INTO POSTARE VALUES
	(1013, 2003, 'TIP4', 'CURENT4');
INSERT INTO POSTARE VALUES
	(1014, 2004, 'TIP4', 'CURENT4');
INSERT INTO POSTARE VALUES
	(1015, 2005, 'TIP4', 'CURENT4');
INSERT INTO POSTARE VALUES
	(1016, 2006, 'TIP5', 'CURENT4');
INSERT INTO POSTARE VALUES
	(1017, 2007, 'TIP5', 'CURENT4');
INSERT INTO POSTARE VALUES
	(1018, 2008, 'TIP5', 'CURENT1');
INSERT INTO POSTARE VALUES
	(1019, 2009, 'TIP5', 'CURENT1');
	
COMMIT;